page_id,criterion_code,criterion_name,score,evidence,weight_pct,tier,descriptor,impact_score
fe8eb8c2,corporate_positioning_alignment,Corporate Positioning Alignment,8.0,"**Evidence:** The blog strongly reflects Sopra Steria’s positioning as a strategic partner in digital transformation and ecosystem collaboration, emphasizing resilience, technology-enabled growth, and trust-building in supply chains. Phrases like “The road to supply chain excellence,” “building ecosystem partnerships,” and references to “digital ecosystems” align well with the company’s core brand message of innovation and consulting for enterprise resilience. <br> **Rationale:** The content clearly ties to Sopra Steria’s mission and values around enabling collaborative, technology-driven business models, which is highly relevant to C-suite executives focused on long-term viability and operational excellence. <br> **Improvement:** Incorporate a concise brand statement or tagline near the top or bottom that explicitly connects the blog topic to Sopra Steria’s unique approach or capabilities to reinforce positioning.",25,Thought Leadership Blog / Insights Page  ,PASS,2.5
fe8eb8c2,brand_differentiation,Brand Differentiation,6.0,"**Evidence:** The blog discusses ecosystem collaboration and trust, a topic many competitors address. It includes some unique elements like the specific business case of the large airport operator and references to Dutch Digital Infrastructure Logistics (DIL) programme and European regulations, which localize and differentiate the content somewhat. However, there is limited explicit articulation of how Sopra Steria’s approach or solutions uniquely outperform competitors. <br> **Rationale:** For a C-suite audience, differentiation is critical to justify vendor selection. The blog is competent but reads somewhat generic in terms of competitive advantage. <br> **Improvement:** Add explicit comparative insights or unique methodologies Sopra Steria employs, or client success metrics that highlight distinctiveness.",20,Thought Leadership Blog / Insights Page  ,WARN,4.0
fe8eb8c2,value_proposition_clarity,Value Proposition Clarity,7.0,"**Evidence:** The blog clearly outlines benefits of ecosystem collaboration: improved efficiency, risk mitigation, cost reduction, and innovation. It also addresses key barriers like trust and data security, which are top concerns for C-suite leaders. Quotes from experts and examples help clarify the value. However, the value proposition is implicit rather than explicitly stated as Sopra Steria’s offering or solution. <br> **Rationale:** The content resonates with the persona’s priorities but could be more direct in linking benefits to Sopra Steria’s services or products. <br> **Improvement:** Include a clear, concise statement of Sopra Steria’s value proposition related to ecosystem enablement and trust-building, ideally near the conclusion or in a highlighted callout.",20,Thought Leadership Blog / Insights Page  ,WARN,3.0
fe8eb8c2,trust_credibility_signals,Trust & Credibility Signals,8.0,"**Evidence:** The blog includes named experts (Jan Simons, Thijs Bender, Eelco Stofbergen) with titles, lending authority. It references credible external sources like Gartner and McKinsey research, and real-world examples (airport operator case). The discussion of cybersecurity and regulatory frameworks adds to credibility. <br> **Rationale:** These elements build trust and demonstrate expertise, which is crucial for C-suite decision-makers evaluating strategic partners. <br> **Improvement:** Adding client logos, testimonials, or links to case studies would further enhance trust signals.",10,Thought Leadership Blog / Insights Page  ,PASS,1.0
fe8eb8c2,calltoaction_effectiveness,Call-to-Action Effectiveness,5.0,"**Evidence:** The blog ends without a clear, direct call to action (CTA). There is no explicit invitation to contact Sopra Steria, download related resources, or engage with experts. The page navigation includes general site links but no persona-tailored next steps. <br> **Rationale:** For busy C-suite executives, clear CTAs that guide them to relevant next steps (e.g., “Contact our experts to discuss your ecosystem strategy”) are essential to convert interest into engagement. <br> **Improvement:** Add a strong, persona-relevant CTA at the end of the blog, such as a consultation offer, whitepaper download, or event registration.",10,Thought Leadership Blog / Insights Page  ,CONCERN,2.5
7f942435,corporate_positioning_alignment,Corporate Positioning Alignment,1.0,"The page is a 404 error (""Page not found"") with no visible content reflecting the company’s brand message.",25,Corporate Social Media Profile (LinkedIn Company Page)  ,FAIL,11.25
7f942435,brand_differentiation,Brand Differentiation,0.0,No content available to differentiate from competitors; the page is completely missing.,20,Corporate Social Media Profile (LinkedIn Company Page)  ,FAIL,10.0
7f942435,value_proposition_clarity,Value Proposition Clarity,0.0,No value proposition or messaging is present due to the page error.,20,Corporate Social Media Profile (LinkedIn Company Page)  ,FAIL,10.0
7f942435,trust_credibility_signals,Trust & Credibility Signals,0.0,"No trust indicators, proof points, or company information available.",10,Corporate Social Media Profile (LinkedIn Company Page)  ,FAIL,5.0
7f942435,calltoaction_effectiveness,Call-to-Action Effectiveness,0.0,No calls to action or navigation options relevant to the persona; only error messages and language options.,10,Corporate Social Media Profile (LinkedIn Company Page)  ,FAIL,5.0
97b9dedf,corporate_positioning_alignment,Corporate Positioning Alignment,7.0,"**Evidence:** The homepage headline “The world is how we shape it” and description “Sopra Steria, a major Tech player in Europe with 50,000 employees in nearly 30 countries, is recognised for its consulting, digital services and solutions” clearly position Sopra Steria as a European technology and consulting leader. The site emphasizes digital transformation and innovation. <br> **Rationale:** The messaging aligns with a strategic, growth-oriented tech partner, which is relevant to C-suite executives balancing growth and resilience. However, the positioning is somewhat generic and lacks a sharp focus on the Benelux region or specific strategic business outcomes. <br> **Improvement Recommendation:** Tailor messaging to explicitly address Benelux market leadership and strategic priorities such as resilience, operational excellence, and long-term viability to better resonate with the persona.",25,Corporate Homepage / Corporate Brand & Investor Relations Channel  ,WARN,3.75
97b9dedf,brand_differentiation,Brand Differentiation,6.0,"**Evidence:** The site lists broad services (Consulting, AI, Cybersecurity, Systems Integration) and industries served, but these are common offerings among large tech consultancies. There is mention of “Sopra Steria Next” and “Open Innovation Report 2025,” but differentiation is subtle and not front and center. <br> **Rationale:** For a C-suite executive evaluating strategic partners, the homepage does not strongly differentiate Sopra Steria from competitors like Accenture, Capgemini, or Atos. The value of “human dimension” and “digital as opportunity” is positive but generic. <br> **Improvement Recommendation:** Highlight unique capabilities, proprietary methodologies, or success stories that demonstrate distinct competitive advantages and measurable business impact. Use Benelux-specific case studies or references to increase relevance.",20,Corporate Homepage / Corporate Brand & Investor Relations Channel  ,WARN,4.0
97b9dedf,value_proposition_clarity,Value Proposition Clarity,6.0,"**Evidence:** The value proposition is implied through phrases like “digital is a source of opportunities and progress,” and “consulting, digital services and solutions,” but it is not crisply articulated. The site mentions AI integration and innovation reports but does not clearly state what Sopra Steria delivers uniquely to C-suite leaders. <br> **Rationale:** The C-suite persona requires a clear, compelling value proposition that addresses their strategic challenges—balancing growth with resilience and operational excellence. The homepage is somewhat abstract and lacks a concise statement of how Sopra Steria enables these outcomes. <br> **Improvement Recommendation:** Develop a focused value proposition statement that directly addresses the persona’s priorities, e.g., “Empowering Benelux enterprises to achieve sustainable growth and resilience through innovative, integrated technology solutions.”",20,Corporate Homepage / Corporate Brand & Investor Relations Channel  ,WARN,4.0
97b9dedf,trust_credibility_signals,Trust & Credibility Signals,8.0,"**Evidence:** The homepage features multiple trust indicators: 50,000 employees, presence in nearly 30 countries, investor relations section, corporate governance, financial reports (e.g., “Financial Report 2024 Universal Registration Document”), ethics and compliance, and data protection commitments. The “Open Innovation Report 2025” and event participation (Paris Air Show) add credibility. <br> **Rationale:** These elements build confidence for a C-suite executive assessing the company’s stability, governance, and thought leadership. The presence of detailed investor and governance information is particularly relevant for enterprise-level decision makers. <br> **Improvement Recommendation:** Enhance trust signals by adding client logos, testimonials, or case studies from Benelux enterprises, and awards/recognitions specific to the region or sector.",10,Corporate Homepage / Corporate Brand & Investor Relations Channel  ,PASS,1.0
97b9dedf,calltoaction_effectiveness,Call-to-Action Effectiveness,5.0,"**Evidence:** The homepage includes calls to action such as “Learn more” for events and reports, “Join us on this adventure” for careers, and “Manage your cookies,” but lacks clear, persona-relevant CTAs like “Explore solutions for Benelux enterprises,” “Contact a local expert,” or “Request a strategic consultation.” <br> **Rationale:** For a C-suite executive, clear, relevant next steps are critical to progressing engagement. The current CTAs are generic and do not guide the persona toward meaningful interaction aligned with their strategic needs. <br> **Improvement Recommendation:** Introduce targeted CTAs such as “Discover how Sopra Steria drives growth and resilience in Benelux,” “Schedule a briefing with our C-suite advisors,” or “Download the Benelux Digital Transformation Whitepaper.”",10,Corporate Homepage / Corporate Brand & Investor Relations Channel  ,CONCERN,2.5
8fe8ea84,corporate_positioning_alignment,Corporate Positioning Alignment,7.0,"The page aligns with Sopra Steria’s corporate positioning as a major European tech player focused on consulting and digital transformation. Phrases like “dedicated to helping organisations deliver on their customer promises” and “transforming your business” reflect the brand’s core message of driving operational excellence and innovation. However, the messaging is somewhat generic and lacks a strong tie to Sopra Steria’s unique identity or values.",25,Services Offering / Consulting Solutions Page  ,WARN,3.75
8fe8ea84,brand_differentiation,Brand Differentiation,5.0,"The content lists common industry buzzwords and solutions (e.g., “Robotic process automation,” “Hyper automation,” “Low-code solutions”) but does not clearly differentiate Sopra Steria from other consulting firms. There are no unique methodologies, proprietary technologies, or distinctive success factors highlighted that would set Sopra Steria apart in the competitive Benelux market.",20,Services Offering / Consulting Solutions Page  ,CONCERN,5.0
8fe8ea84,value_proposition_clarity,Value Proposition Clarity,7.0,"The value proposition is moderately clear: improving operational efficiency through automation and optimization. The mention of “a team of over 50 consultants across Europe” adds scale credibility. However, the benefits are stated in broad terms (“drive efficiency, innovation, and excellence”) without concrete outcomes or tailored messaging addressing the strategic priorities of C-suite executives in Benelux enterprises.",20,Services Offering / Consulting Solutions Page  ,WARN,3.0
8fe8ea84,trust_credibility_signals,Trust & Credibility Signals,6.0,"The page includes some trust elements such as “50,000 employees in nearly 30 countries” and references to client success stories (e.g., Curium, CZ Zorgverzekeringen, Deutsche Bahn). However, these are not deeply integrated or prominently showcased. There is a lack of client logos, awards, certifications, or detailed case studies that would strongly reinforce credibility for a risk-averse C-suite audience.",10,Services Offering / Consulting Solutions Page  ,WARN,2.0
8fe8ea84,calltoaction_effectiveness,Call-to-Action Effectiveness,6.0,"There is a “LET'S TALK” contact form with relevant fields, which is appropriate for C-suite engagement. However, the CTA is somewhat generic and buried at the bottom. There are no intermediate CTAs such as downloadable whitepapers, invitations to webinars, or executive briefings that would better engage a strategic business leader and guide them through the buyer journey.",10,Services Offering / Consulting Solutions Page  ,WARN,2.0
4fb3c324,corporate_positioning_alignment,Corporate Positioning Alignment,6.0,"The page references Sopra Steria as ""a major Tech player in Europe with 50,000 employees in nearly 30 countries,"" highlighting consulting and digital services. However, the core brand message around balancing growth with resilience and strategic leadership is implicit rather than explicit. The messaging is generic and lacks direct connection to the persona’s strategic priorities such as long-term viability or operational excellence.",25,Press Release / Corporate Newsroom Page  ,WARN,5.0
4fb3c324,brand_differentiation,Brand Differentiation,4.0,"The content is generic and does not clearly differentiate Sopra Steria from competitors. Phrases like ""Welcome to the Future of Innovation"" and references to AI and digital transformation are common industry buzzwords without unique positioning or proprietary insights. No clear competitive advantages or unique capabilities are articulated.",20,Press Release / Corporate Newsroom Page  ,CONCERN,6.0
4fb3c324,value_proposition_clarity,Value Proposition Clarity,5.0,"The value proposition is vague. While the page mentions AI, cybersecurity, and digital transformation, it does not clearly articulate how these solutions specifically address the strategic challenges faced by Benelux C-suite executives, such as navigating external volatility or ensuring enterprise-wide resilience. The benefits and outcomes for the target persona are not clearly stated.",20,Press Release / Corporate Newsroom Page  ,CONCERN,5.0
4fb3c324,trust_credibility_signals,Trust & Credibility Signals,6.0,"The page includes some credibility signals: company size (50,000 employees), geographic reach (nearly 30 countries), and mentions of consulting and digital services. However, there are no client testimonials, case studies, awards, or certifications that would strongly reinforce trust and credibility for a discerning C-suite audience.",10,Press Release / Corporate Newsroom Page  ,WARN,2.0
4fb3c324,calltoaction_effectiveness,Call-to-Action Effectiveness,3.0,"There is no clear or relevant call-to-action (CTA) tailored to the persona. The page lacks guidance on next steps such as contacting a strategic advisor, downloading a detailed report, or engaging with thought leadership content. The only CTA is a PDF download of the press release, which is insufficient for driving meaningful engagement with a C-suite executive.",10,Press Release / Corporate Newsroom Page  ,FAIL,3.5
bda8940b,corporate_positioning_alignment,Corporate Positioning Alignment,6.0,"The page mentions Sopra Steria Nederland B.V. as part of NLdigital and refers to their role as a large IT service provider in the Benelux region. It highlights their commitment to helping clients gain a digital advantage and solve organizational challenges. However, the messaging is somewhat generic and inconsistent (e.g., confusing mention of Ordina) and lacks a focused, strategic brand statement tailored to C-suite concerns.",25,Corporate Member Profile / Partner Showcase Page  ,WARN,5.0
bda8940b,brand_differentiation,Brand Differentiation,4.0,"The content does not clearly differentiate Sopra Steria from competitors. The mention of Ordina (a different company) creates confusion and undermines distinctiveness. The description of services is generic (""we help clients solve problems,"" ""digital advantage"") without unique value drivers or innovation highlights that would resonate with strategic executives. No clear competitive edge is articulated.",20,Corporate Member Profile / Partner Showcase Page  ,CONCERN,6.0
bda8940b,value_proposition_clarity,Value Proposition Clarity,5.0,"The value proposition is somewhat implied — helping clients with digital transformation and operational challenges — but it is not clearly or compellingly stated for a C-suite audience. There is no direct articulation of how Sopra Steria enables long-term growth, resilience, or market leadership, which are key priorities for this persona. The showcase example is operational but lacks strategic framing.",20,Corporate Member Profile / Partner Showcase Page  ,CONCERN,5.0
bda8940b,trust_credibility_signals,Trust & Credibility Signals,7.0,"The page includes contact details, a physical address, and references to working with sectors like finance, government, and healthcare, which adds credibility. The showcase example of the Rotterdam port booking system adds a tangible proof point, though it is attributed to Ordina, which confuses trust signals. The cookie and privacy policy information is thorough but not directly relevant to brand trust for this persona.",10,Corporate Member Profile / Partner Showcase Page  ,WARN,1.5
bda8940b,calltoaction_effectiveness,Call-to-Action Effectiveness,5.0,"There is no clear, prominent call to action tailored to a C-suite executive. The page invites visitors to ""look at our website"" for more information but does not guide the user toward meaningful next steps such as contacting a senior advisor, downloading strategic insights, or arranging a consultation. The absence of targeted CTAs limits engagement potential with this persona.",10,Corporate Member Profile / Partner Showcase Page  ,CONCERN,2.5
6be18313,corporate_positioning_alignment,Corporate Positioning Alignment,7.0,"The blog page reflects Sopra Steria’s broad expertise in digital transformation, AI, cybersecurity, and other strategic technology areas, consistent with their corporate positioning as a trusted technology and consulting partner. The presence of multiple industry and technology topics aligns well with the company’s brand message of cross-industry digital leadership. However, the corporate mission and values are not prominently reinforced on this page, limiting deeper alignment for a C-suite visitor.",25,Thought Leadership / Insights Blog  ,WARN,3.75
6be18313,brand_differentiation,Brand Differentiation,6.0,"The content covers a wide range of relevant, current topics such as AI adoption, cybersecurity, cloud transformation, and digital banking. However, the blog format and content are somewhat generic and similar to competitor thought leadership hubs. There is limited explicit emphasis on what uniquely differentiates Sopra Steria in the Benelux market or how their approach is distinct from peers. The authorship by named experts is a positive but under-leveraged differentiation factor.",20,Thought Leadership / Insights Blog  ,WARN,4.0
6be18313,value_proposition_clarity,Value Proposition Clarity,6.0,"The value proposition is implicit rather than explicit. The blog posts demonstrate Sopra Steria’s expertise and thought leadership on strategic technology trends, which is relevant to C-suite executives balancing growth and resilience. Yet, the page lacks a clear, concise statement or messaging that directly addresses the Benelux strategic business leader’s priorities (e.g., long-term viability, operational excellence). This reduces immediate resonance and clarity of value.",20,Thought Leadership / Insights Blog  ,WARN,4.0
6be18313,trust_credibility_signals,Trust & Credibility Signals,7.0,"The blog features named authors with expertise, recent and regularly updated content, and covers relevant, timely topics such as AI regulation and cybersecurity. These elements build credibility. However, there are no visible client logos, testimonials, case studies, or awards on this page to further reinforce trust. The corporate responsibility and ethics links are present but not integrated into the blog experience, which could enhance credibility for cautious executives.",10,Thought Leadership / Insights Blog  ,WARN,1.5
6be18313,calltoaction_effectiveness,Call-to-Action Effectiveness,5.0,"The page lacks strong, clear calls-to-action (CTAs) tailored to a C-suite audience. There are no obvious next steps such as invitations to executive briefings, whitepaper downloads, contact options for strategic consultations, or event registrations. The navigation encourages exploration but does not guide the executive toward engagement or conversion, which is a missed opportunity for lead nurturing and relationship building.",10,Thought Leadership / Insights Blog  ,CONCERN,2.5
51dceb19,corporate_positioning_alignment,Corporate Positioning Alignment,7.0,"The page communicates Sopra Steria’s evolution and growth through acquisitions and strategic initiatives, emphasizing digital transformation and European leadership. Phrases like “a visionary and comprehensive approach,” “digital is first and foremost a human adventure,” and “top 5 European digital transformation players” align with a corporate positioning focused on innovation and scale. However, the messaging is somewhat generic and lacks a sharp, differentiated core brand message tailored explicitly to the strategic priorities of Benelux C-suite leaders.",25,Corporate About Us / Brand History Page  ,WARN,3.75
51dceb19,brand_differentiation,Brand Differentiation,6.0,"The history highlights acquisitions and geographic expansion, which imply scale and capability. However, the content reads as a chronological corporate timeline without clear articulation of what uniquely differentiates Sopra Steria from other European IT services firms. There is limited emphasis on unique competitive advantages or distinct strategic approaches that would resonate with a C-suite focused on resilience and growth in the Benelux market specifically.",20,Corporate About Us / Brand History Page  ,WARN,4.0
51dceb19,value_proposition_clarity,Value Proposition Clarity,6.0,"The value proposition is implicit rather than explicit: Sopra Steria offers “end-to-end solutions,” “extensive know-how,” and “innovative technologies” to support digital transformation. While these points are relevant, they are not crisply framed around the persona’s key priorities such as balancing growth with resilience, navigating external volatility, or delivering operational excellence. The narrative could better highlight how Sopra Steria’s offerings concretely address these C-suite concerns.",20,Corporate About Us / Brand History Page  ,WARN,4.0
51dceb19,trust_credibility_signals,Trust & Credibility Signals,8.0,"The page includes strong credibility signals: references to multiple acquisitions (CIMPA, Cassiopae, BLUECARAT, etc.), financial data (“5.8B€ of revenue in 2024,” “51,000 employees,” “top 5 European digital services companies”), and geographic reach (“operating in nearly 30 countries”). These facts demonstrate scale, stability, and growth, which are important trust factors for C-suite executives evaluating strategic partners. However, more direct client success stories or industry recognitions relevant to Benelux would strengthen trust further.",10,Corporate About Us / Brand History Page  ,PASS,1.0
51dceb19,calltoaction_effectiveness,Call-to-Action Effectiveness,4.0,"The page lacks clear, persona-relevant calls to action (CTAs). There are no direct prompts guiding the C-suite visitor to next steps such as contacting local Benelux offices, exploring tailored solutions, or engaging with thought leadership content relevant to their strategic challenges. The CTAs present are generic (e.g., “Manage your cookies,” “Contact us”) and do not facilitate deeper engagement or conversion for a high-level executive audience.",10,Corporate About Us / Brand History Page  ,CONCERN,3.0
58559e0e,corporate_positioning_alignment,Corporate Positioning Alignment,8.0,"The page clearly states Sopra Steria’s positioning as a major European tech player with 50,000 employees in 30 countries, emphasizing consulting, digital services, and solutions. The tagline “The world is how we shape it” aligns with a forward-looking, impact-driven corporate identity. The focus on digital transformation, AI, cybersecurity, and cloud services matches the persona’s strategic priorities.",25,Corporate Homepage / Regional Brand Presence  ,PASS,2.5
58559e0e,brand_differentiation,Brand Differentiation,6.0,"While the page highlights a broad portfolio and regional presence, the differentiation from competitors is somewhat generic. Phrases like “Drive meaningful impact” and “Create trust in a hyper-connected world” are common in the industry. There is limited explicit articulation of unique capabilities or competitive advantages tailored to the Benelux C-suite context.",20,Corporate Homepage / Regional Brand Presence  ,WARN,4.0
58559e0e,value_proposition_clarity,Value Proposition Clarity,7.0,"The value proposition is present but somewhat diffuse. The site mentions empowering clients to excel through streamlined processes, productivity, and innovation, and highlights expertise in AI, cybersecurity, and cloud. However, it lacks a concise, compelling statement that directly addresses the C-suite’s need for balancing growth with resilience and operational excellence.",20,Corporate Homepage / Regional Brand Presence  ,WARN,3.0
58559e0e,trust_credibility_signals,Trust & Credibility Signals,8.0,"The site includes strong trust signals: 4,000 employees in Benelux, 13 local offices, global scale, certifications (e.g., Mendix Delivery Excellence), client stories, whitepapers, and news updates. The presence of recent, relevant content and named executives adds credibility. However, some trust elements like awards, client logos, or explicit testimonials are less prominent on the homepage.",10,Corporate Homepage / Regional Brand Presence  ,PASS,1.0
58559e0e,calltoaction_effectiveness,Call-to-Action Effectiveness,6.0,"Calls to action are present but subtle and somewhat fragmented. There are links to “Jobs,” “Insights,” “Client Stories,” and “Contact,” but no prominent, targeted CTAs that guide the C-suite persona toward strategic engagement such as “Explore Solutions for Benelux Enterprises” or “Schedule a Strategic Consultation.” The cookie consent notice interrupts video content, potentially detracting from engagement.",10,Corporate Homepage / Regional Brand Presence  ,WARN,2.0
ce6ef35e,corporate_positioning_alignment,Corporate Positioning Alignment,8.0,"**Evidence:** The page states, “As your trusted digital business partner, we’re here to help you stay ahead of the curve,” and highlights Sopra Steria’s “extensive team of data scientists” and “responsible AI-powered solutions.” The messaging aligns well with Sopra Steria’s positioning as a leading European tech and consulting firm focused on digital transformation and responsible AI. <br> **Rationale:** This resonates with a C-suite leader’s need for a reliable partner balancing innovation and enterprise resilience. The tone and content reflect Sopra Steria’s core brand message effectively. <br> **Improvement Recommendation:** Make the corporate mission and unique positioning even more explicit upfront, e.g., a succinct tagline or executive summary emphasizing strategic partnership and long-term viability.",25,Thought Leadership / Strategic Insights Page  ,PASS,2.5
ce6ef35e,brand_differentiation,Brand Differentiation,6.0,"**Evidence:** The page references “responsible and industrialised AI,” “multidisciplinary teams,” and “customised AI solutions,” but these are common claims in the AI consulting space. There is limited explicit comparison or unique differentiators versus competitors. The mention of “NextGen Advanced AI Search” and AI in cybersecurity hints at innovation but lacks clear exclusivity or proprietary advantage. <br> **Rationale:** For a C-suite executive, differentiation is critical to justify vendor selection. The content feels competent but generic, not strongly standing out in a crowded market. <br> **Improvement Recommendation:** Highlight unique methodologies, proprietary IP, or success metrics that clearly separate Sopra Steria from competitors. Case studies or client testimonials with quantifiable outcomes would strengthen differentiation.",20,Thought Leadership / Strategic Insights Page  ,WARN,4.0
ce6ef35e,value_proposition_clarity,Value Proposition Clarity,7.0,"**Evidence:** The page communicates that Sopra Steria helps identify “high-impact use cases,” assesses “ROI throughout experimentation and production,” and ensures “ethical and responsible deployment.” The focus on actionable insights and industry expertise is clear. <br> **Rationale:** The value proposition is relevant and somewhat compelling for a C-suite leader focused on growth and resilience, but it could be more explicitly tied to business outcomes like revenue growth, risk mitigation, or market leadership. <br> **Improvement Recommendation:** Sharpen the value proposition with clear, outcome-oriented statements tailored to C-suite priorities (e.g., “Accelerate growth while mitigating AI-related risks with our end-to-end responsible AI solutions”).",20,Thought Leadership / Strategic Insights Page  ,WARN,3.0
ce6ef35e,trust_credibility_signals,Trust & Credibility Signals,7.0,"**Evidence:** The page references Sopra Steria’s scale (“50,000 employees in nearly 30 countries”), multidisciplinary teams, and responsible AI practices. There are links to whitepapers, blogs, and client stories, which add credibility. However, no direct client logos, awards, certifications, or third-party validations are visible on this page. <br> **Rationale:** C-suite executives seek strong proof points before engagement. While the content is credible, it lacks prominent, immediate trust signals that would reassure an executive quickly. <br> **Improvement Recommendation:** Add visible client logos, industry awards, certifications (e.g., ISO, GDPR compliance), and brief executive testimonials or quotes to enhance trust instantly.",10,Thought Leadership / Strategic Insights Page  ,WARN,1.5
ce6ef35e,calltoaction_effectiveness,Call-to-Action Effectiveness,6.0,"**Evidence:** The page ends with a “LET'S TALK” contact form requesting detailed information, including company and region, and a subject dropdown. However, no other CTAs such as downloadable reports, invitations to webinars, or executive briefings are presented. The form is somewhat generic and may feel transactional rather than consultative. <br> **Rationale:** For a C-suite persona, CTAs should feel high-value and low-friction, offering strategic insights or direct access to senior experts. The current CTA is functional but not strongly motivating or tailored. <br> **Improvement Recommendation:** Introduce CTAs like “Download the 2025 Generative AI Strategic Report,” “Schedule an Executive Briefing,” or “Join Our AI Leadership Webinar” to better engage and convert C-suite visitors.",10,Thought Leadership / Strategic Insights Page  ,WARN,2.0
b53c7bea,corporate_positioning_alignment,Corporate Positioning Alignment,7.0,"**Evidence:** The page opens with ""Powering progress for people, networks and industries"" and emphasizes collaboration with ""key national and international players"" to build resilient infrastructure and supply chains. It highlights ""bold, forward-thinking solutions"" and ""people-centric solutions,"" reflecting Sopra Steria’s core brand as a European tech leader focused on consulting and digital transformation. <br>**Rationale:** The messaging aligns well with Sopra Steria’s corporate identity as a trusted digital partner for large enterprises, addressing resilience and growth. However, the language is somewhat generic and lacks a strong, memorable brand narrative that ties directly to the Benelux C-suite’s strategic ambitions. <br>**Improvement Recommendation:** Sharpen the corporate positioning by explicitly linking Sopra Steria’s brand promise to the Benelux market’s unique challenges (e.g., regional volatility, regulatory complexity) and emphasizing leadership in sustainable, resilient growth. Use more distinctive, emotionally engaging language that resonates with C-suite priorities.",25,Industry Solutions Landing Page / Corporate Brand & Solutions Overview  ,WARN,3.75
b53c7bea,brand_differentiation,Brand Differentiation,6.0,"**Evidence:** The page mentions ""unparalleled professional excellence,"" ""people-centric solutions,"" and ""inspiring innovations,"" but these claims are broad and could apply to many competitors. References to AI, supply chain resilience, and rapid application development are relevant but not uniquely positioned. The page lacks clear, explicit statements on what uniquely differentiates Sopra Steria from other European consulting and tech services firms. <br>**Rationale:** From a C-suite perspective, differentiation is critical to justify vendor selection. The page feels competent but generic, missing a compelling unique selling proposition or proof points that clearly separate Sopra Steria from competitors. <br>**Improvement Recommendation:** Introduce clear differentiators such as proprietary methodologies, exclusive partnerships, or unique regional expertise in Benelux. Highlight case studies or innovation awards that demonstrate competitive edge. Use comparative language that shows why Sopra Steria is the preferred partner for C-suite leaders.",20,Industry Solutions Landing Page / Corporate Brand & Solutions Overview  ,WARN,4.0
b53c7bea,value_proposition_clarity,Value Proposition Clarity,7.0,"**Evidence:** The page outlines key benefits: building resilience and visibility in supply chains, leveraging data-driven insights, ensuring compliance, and enabling rapid application development. It states outcomes like ""streamline processes,"" ""drive innovation,"" and ""increase business value."" However, these benefits are somewhat high-level and abstract. <br>**Rationale:** The value proposition is relevant but not fully compelling or tailored to the strategic priorities of Benelux C-suite executives who seek clear ROI, risk mitigation, and competitive advantage. The messaging could better articulate how Sopra Steria’s solutions translate into measurable business outcomes such as revenue growth, cost savings, or market share gains. <br>**Improvement Recommendation:** Refine the value proposition to explicitly connect Sopra Steria’s offerings with the C-suite’s strategic KPIs. Use quantifiable benefits, client success metrics, or scenario-based examples that demonstrate impact on growth, resilience, and operational excellence. Make the value proposition more concise and front-loaded for quick executive digestion.",20,Industry Solutions Landing Page / Corporate Brand & Solutions Overview  ,WARN,3.0
b53c7bea,trust_credibility_signals,Trust & Credibility Signals,5.0,"**Evidence:** The page references collaboration with ""key national and international players,"" mentions specific sectors, and includes a few client names (e.g., POST Luxembourg, Telefónica). However, there are no visible client logos, testimonials, awards, certifications, or third-party validations prominently displayed. The content is mostly descriptive without strong proof points or social validation. <br>**Rationale:** For a C-suite audience, trust is paramount. The absence of strong, visible credibility signals weakens confidence, especially for high-stakes strategic decisions. The page misses opportunities to showcase client success stories, industry recognitions, or compliance credentials that would reassure executives. <br>**Improvement Recommendation:** Add a dedicated trust section with client logos, executive testimonials, case study highlights, and industry awards. Incorporate certifications (e.g., ISO, GDPR compliance) and partner badges prominently. Use data-driven proof points and quotes from recognized Benelux clients to build credibility.",10,Industry Solutions Landing Page / Corporate Brand & Solutions Overview  ,CONCERN,2.5
b53c7bea,calltoaction_effectiveness,Call-to-Action Effectiveness,6.0,"**Evidence:** The page includes two ""Let's talk"" CTAs inviting contact, and a detailed contact form at the bottom requesting personal and company information. However, the CTAs are generic and do not specify what the next step entails (e.g., consultation, demo, whitepaper). The form is somewhat lengthy and may deter busy executives. There is no clear segmentation or tailored CTA for different industries or executive roles. <br>**Rationale:** C-suite executives require clear, direct, and low-friction CTAs that respect their time and provide immediate perceived value. The current CTAs are functional but not optimized for conversion or engagement from a senior audience. <br>**Improvement Recommendation:** Simplify and clarify CTAs with value-oriented language (e.g., ""Schedule a Strategic Consultation,"" ""Download Executive Briefing""). Offer multiple engagement options (e.g., quick call, executive summary download). Reduce form fields or enable progressive profiling. Personalize CTAs based on industry or role for higher relevance.",10,Industry Solutions Landing Page / Corporate Brand & Solutions Overview  ,WARN,2.0
4b79a42a,corporate_positioning_alignment,Corporate Positioning Alignment,3.0,"The page is a YouTube channel landing page that primarily displays the standard YouTube interface with no visible, immediate corporate messaging or brand positioning. There is no clear articulation of Sopra Steria’s core brand message or strategic focus tailored to the Benelux C-suite audience. The page defaults to cookie consent and language selection overlays, which obscure any brand content on initial view.",25,Corporate YouTube Channel Landing Page  ,FAIL,8.75
4b79a42a,brand_differentiation,Brand Differentiation,2.0,There is no distinct content or messaging visible on the landing page that differentiates Sopra Steria from competitors. The channel name alone (“SopraSteria_Benelux”) is insufficient to communicate unique value or market positioning. No videos or descriptions are immediately visible to demonstrate differentiation.,20,Corporate YouTube Channel Landing Page  ,FAIL,8.0
4b79a42a,value_proposition_clarity,Value Proposition Clarity,2.0,"The value proposition is not communicated on this page. There are no visible taglines, descriptions, or video content that clarify what Sopra Steria offers or how it addresses the strategic priorities of Benelux C-suite executives. The page is essentially a gateway to content but does not itself convey value.",20,Corporate YouTube Channel Landing Page  ,FAIL,8.0
4b79a42a,trust_credibility_signals,Trust & Credibility Signals,5.0,"The channel is hosted on YouTube, a trusted platform, which provides a baseline level of credibility. The channel name includes the corporate brand “SopraSteria” and regional focus “Benelux,” which may imply legitimacy. However, there are no visible trust signals such as certifications, client logos, testimonials, or awards on this landing page itself.",10,Corporate YouTube Channel Landing Page  ,CONCERN,2.5
4b79a42a,calltoaction_effectiveness,Call-to-Action Effectiveness,4.0,"The primary calls to action are YouTube’s standard “Sign in” and cookie consent buttons. There are no tailored CTAs for the persona, such as links to strategic reports, contact information, or invitations to engage with Sopra Steria’s services. The next steps for a C-suite executive are unclear and not aligned with their strategic needs.",10,Corporate YouTube Channel Landing Page  ,CONCERN,3.0
d83b69a8,corporate_positioning_alignment,Corporate Positioning Alignment,8.0,"**Evidence:** The page clearly positions Sopra Steria Next as a forward-thinking consultancy division of a major European technology group, emphasizing strategic AI market insights and innovation: “Sopra Steria Next, the consultancy division of the Sopra Steria Group, a major player in European technology...” and “transforming AI from a technological concern into a genuine lever of business performance.” This aligns well with a C-suite’s expectation of a partner that understands technology’s strategic role. <br> **Rationale:** The messaging strongly reflects the company’s core brand as a strategic, innovative, and European-centric technology consultancy, which is relevant to Benelux executives balancing growth and resilience. <br> **Improvement Recommendation:** Incorporate more explicit references to the Benelux region or local market relevance to deepen regional resonance.",25,Press Release / Thought Leadership Insight Page  ,PASS,2.5
d83b69a8,brand_differentiation,Brand Differentiation,7.0,"**Evidence:** The study introduces a unique “four AI categories” methodology (Machines, Processes, Humans, Software) as a strategic compass, which is a differentiator: “This segmentation enables decision-makers to take better account of the diversity of AI...” and “an innovative market analysis methodology.” <br> **Rationale:** While the segmentation approach is distinctive and useful, the page lacks explicit competitive comparisons or clear statements on how Sopra Steria Next’s approach outperforms or differs from other consultancies or tech firms. <br> **Improvement Recommendation:** Add explicit competitor differentiation statements or client success examples that highlight unique capabilities or outcomes.",20,Press Release / Thought Leadership Insight Page  ,WARN,3.0
d83b69a8,value_proposition_clarity,Value Proposition Clarity,7.0,"**Evidence:** The page clearly articulates the value of the study as a “strategic management tool” helping executives align AI investments with business priorities and accelerate deployment: “By combining these four categories, we offer our customers a 360-degree view...” <br> **Rationale:** The value proposition is relevant and compelling for strategic leaders seeking clarity on AI investment, but it is somewhat abstract and heavy on technical detail, which may dilute immediate clarity for time-pressed C-suite readers. <br> **Improvement Recommendation:** Simplify and highlight key takeaways or executive summaries upfront, focusing on direct business impact and decision-making benefits.",20,Press Release / Thought Leadership Insight Page  ,WARN,3.0
d83b69a8,trust_credibility_signals,Trust & Credibility Signals,7.0,"**Evidence:** The page references the CEO of Sopra Steria Next, Fabrice Asvazadourian, lending executive credibility, and cites data points and market forecasts with specific figures. It also references the experience of “more than 40,000 IT professionals” within the group. <br> **Rationale:** These elements build trust, but the page lacks third-party validation, client logos, case studies, or endorsements that would strengthen credibility for a C-suite audience. <br> **Improvement Recommendation:** Add client testimonials, industry analyst quotes, or certifications to reinforce trustworthiness.",10,Press Release / Thought Leadership Insight Page  ,WARN,1.5
d83b69a8,calltoaction_effectiveness,Call-to-Action Effectiveness,5.0,"**Evidence:** The page is primarily informational with no clear or prominent call-to-action (CTA). There is no direct invitation to download the full study, contact Sopra Steria Next, or engage further. The navigation and social sharing icons are present but generic. <br> **Rationale:** For a C-suite persona, clear next steps are critical to convert interest into engagement. The absence of a strong, relevant CTA reduces the page’s effectiveness as a lead-generation or engagement tool. <br> **Improvement Recommendation:** Include a prominent CTA such as “Download the full AI market study,” “Contact our experts for a strategic consultation,” or “Request a personalized briefing.”",10,Press Release / Thought Leadership Insight Page  ,CONCERN,2.5
ad80a76c,corporate_positioning_alignment,Corporate Positioning Alignment,8.0,"The page strongly reflects Sopra Steria’s core brand message of shaping the future through technology and consulting. Phrases like ""The world is how we shape it"" and emphasis on empowering clients to excel through innovation and streamlined processes align well with a strategic, forward-looking corporate positioning. The presence of industry-specific sections and references to digital transformation, AI, cybersecurity, and cloud services reinforce the company’s positioning as a comprehensive tech and consulting partner. However, the messaging is somewhat broad and could be more explicitly tied to the Benelux region’s unique business challenges and strategic priorities.",25,Corporate Homepage / Regional Brand Site (Benelux)  ,PASS,2.5
ad80a76c,brand_differentiation,Brand Differentiation,6.0,"The site lists many standard offerings (consulting, AI, cybersecurity, cloud) common to large IT services firms, which makes the differentiation from competitors like Accenture, Capgemini, or Atos less distinct. While the mention of certifications (e.g., Mendix Delivery Excellence) and localized presence (13 offices in Benelux) add some differentiation, the page lacks a compelling narrative or unique value drivers that clearly separate Sopra Steria from peers in the eyes of a C-suite executive seeking strategic advantage. The content is professional but generic in tone.",20,Corporate Homepage / Regional Brand Site (Benelux)  ,WARN,4.0
ad80a76c,value_proposition_clarity,Value Proposition Clarity,7.0,"The value proposition is present but somewhat implicit. Statements like “empower you to excel by streamlining processes, enhancing productivity, and driving innovation” and the focus on “meaningful impact,” “trust,” and “flexible always-on performance” communicate benefits. However, the messaging could be more concise and tailored to the strategic concerns of Benelux C-suite executives, such as resilience, growth, regulatory compliance, and navigating external volatility. The site could better highlight how Sopra Steria uniquely helps enterprises balance growth with operational excellence.",20,Corporate Homepage / Regional Brand Site (Benelux)  ,WARN,3.0
ad80a76c,trust_credibility_signals,Trust & Credibility Signals,8.0,"The site includes strong trust signals such as: over 4,000 employees in Benelux and 51,000 globally, 13 local offices, certifications (Mendix Delivery Excellence), client stories (e.g., Curium, CZ Zorgverzekeringen), and thought leadership (whitepapers, blogs, news). The presence of detailed case studies and whitepapers addressing compliance and AI strategies adds credibility. However, some content is gated behind consent management (video content not loading), which may reduce immediate trust-building. More visible executive leadership profiles or client logos could further enhance credibility for C-suite visitors.",10,Corporate Homepage / Regional Brand Site (Benelux)  ,PASS,1.0
ad80a76c,calltoaction_effectiveness,Call-to-Action Effectiveness,5.0,"The page offers multiple navigation options (Industries, What we do, Insights, Careers, Contact), but clear, persona-specific CTAs for a C-suite executive are lacking. There is no prominent invitation to engage in strategic conversations, request executive briefings, or download tailored insights/reports. The presence of “Read more” links and “Discover” buttons is good but generic. The site could benefit from stronger, more direct CTAs that align with the persona’s priorities, such as “Explore Strategic Growth Solutions,” “Request a Benelux Market Impact Assessment,” or “Connect with Our C-suite Advisory Team.”",10,Corporate Homepage / Regional Brand Site (Benelux)  ,CONCERN,2.5
f52cdbdc,corporate_positioning_alignment,Corporate Positioning Alignment,7.0,"**Evidence:** The blog is published on Sopra Steria’s official site under the Insights > Blogs section, reinforcing the company’s positioning as a technology and digital transformation leader. The content discusses advanced AI topics such as Large Language Models (LLMs), prompt engineering, and AI capabilities, which aligns with Sopra Steria’s core brand message of leveraging digital and AI to drive business transformation. The mention of “Harnessing AI’s transformative power” in the site navigation supports this. <br> **Rationale:** The page aligns well with the company’s tech-forward, consulting-driven brand, but it lacks explicit linkage to Sopra Steria’s unique strategic approach or Benelux-specific business challenges, which would deepen relevance for the persona. <br> **Improvement Recommendation:** Add explicit references to how Sopra Steria uniquely applies these AI strategies in Benelux enterprises or cross-industry contexts, reinforcing local market expertise and strategic impact.",25,Thought Leadership Blog / Insights Page  ,WARN,3.75
f52cdbdc,brand_differentiation,Brand Differentiation,5.0,"**Evidence:** The blog explains general AI concepts and best practices for interacting with LLMs, such as few-shot prompting, system prompts, and Retrieval-Augmented Generation. However, it does not highlight how Sopra Steria’s approach or solutions differ from competitors or market alternatives. There are no unique case studies, proprietary methodologies, or client success stories referenced. <br> **Rationale:** The content is informative but generic and could be found on many AI consultancy or technology provider sites. This limits differentiation for a strategic C-suite audience seeking unique value. <br> **Improvement Recommendation:** Incorporate differentiated content such as Sopra Steria’s proprietary AI frameworks, Benelux-specific client examples, or unique strategic insights that competitors do not offer.",20,Thought Leadership Blog / Insights Page  ,CONCERN,5.0
f52cdbdc,value_proposition_clarity,Value Proposition Clarity,6.0,"**Evidence:** The blog clearly outlines five strategies to maximize value from LLMs, which implicitly suggests that using these methods leads to better AI outcomes. However, the value proposition is framed mostly as educational content rather than a compelling business outcome or strategic advantage for the persona’s organization. There is no direct statement of how Sopra Steria’s services or expertise help C-suite leaders achieve growth, resilience, or operational excellence through AI. <br> **Rationale:** While the content is useful, it does not strongly connect these AI strategies to the persona’s key priorities like long-term survival, market share growth, or risk mitigation. <br> **Improvement Recommendation:** Explicitly link the AI strategies to business outcomes relevant to Benelux C-suite executives, and clearly state how Sopra Steria enables these outcomes through consulting or technology solutions.",20,Thought Leadership Blog / Insights Page  ,WARN,4.0
f52cdbdc,trust_credibility_signals,Trust & Credibility Signals,5.0,"**Evidence:** The page is hosted on an official Sopra Steria domain, which lends baseline credibility. The content is well-written and technically accurate, demonstrating expertise. However, there are no client logos, testimonials, certifications, awards, or data points that serve as trust signals. There is also no mention of compliance, security, or ethical AI governance frameworks that would reassure a risk-conscious C-suite leader. <br> **Rationale:** For a C-suite audience, especially in large enterprises, trust signals beyond domain authority are critical to validate claims and reduce perceived risk. <br> **Improvement Recommendation:** Add client success stories, industry certifications, or references to Sopra Steria’s ethical AI practices and compliance standards to enhance credibility.",10,Thought Leadership Blog / Insights Page  ,CONCERN,2.5
f52cdbdc,calltoaction_effectiveness,Call-to-Action Effectiveness,4.0,"**Evidence:** The blog concludes with a summary but does not provide a clear or compelling next step tailored to the persona. There are no direct CTAs such as “Contact our AI experts,” “Download a whitepaper on AI strategy for Benelux enterprises,” or invitations to webinars or consultations. The navigation includes generic links to Careers, Insights, and Contact, but these are not contextualized within the blog. <br> **Rationale:** C-suite executives expect clear, relevant CTAs that facilitate engagement or deeper exploration aligned with their strategic needs. The absence of such CTAs reduces conversion potential. <br> **Improvement Recommendation:** Include a strong, persona-relevant CTA at the end of the blog, such as scheduling a strategic AI consultation, downloading a tailored report, or registering for a leadership webinar on AI-driven growth and resilience.",10,Thought Leadership Blog / Insights Page  ,CONCERN,3.0
cded0b85,corporate_positioning_alignment,Corporate Positioning Alignment,8.0,"**Evidence:** The page opens with ""Empower your business processes with Microsoft Azure"" and emphasizes Sopra Steria’s ""Digital & Cloud Centre of Excellence,"" highlighting deep sector knowledge and a broad range of services. It references a long-term strategic partnership with Microsoft (18 years), 5,500 Microsoft-skilled professionals, and multiple certifications. The narrative aligns well with Sopra Steria’s brand as a trusted, expert technology partner driving digital transformation. <br> **Rationale:** This messaging resonates with a C-suite executive focused on sustainable growth and operational resilience through technology. The emphasis on AI-driven tools, cloud modernization, and sustainability aligns with strategic priorities. <br> **Improvement Recommendation:** Integrate a concise, high-level corporate vision statement or tagline upfront that explicitly connects Sopra Steria’s mission to Benelux market leadership and long-term enterprise resilience to enhance immediate relevance.",25,Service Offering / Solution Detail Page  ,PASS,2.5
cded0b85,brand_differentiation,Brand Differentiation,6.0,"**Evidence:** The page highlights Sopra Steria’s ""18-year strategic partnership with Microsoft,"" ""700+ Microsoft Certifications,"" and ""Microsoft Azure Expert Managed Services Provider (MSP)"" status. It also mentions AI-driven tools like GitHub Copilot and zero-trust security frameworks. However, these points are largely factual and common among large Microsoft partners. The content lacks explicit comparison or unique differentiators that would clearly separate Sopra Steria from competitors in the Benelux market or globally. <br> **Rationale:** While credible, the differentiation is implicit rather than explicit, which may not fully convince a strategic business leader evaluating multiple providers. <br> **Improvement Recommendation:** Add clear, succinct differentiators such as unique methodologies, proprietary accelerators, client success metrics, or Benelux-specific expertise that showcase why Sopra Steria is the preferred Microsoft Azure partner in the region.",20,Service Offering / Solution Detail Page  ,WARN,4.0
cded0b85,value_proposition_clarity,Value Proposition Clarity,8.0,"**Evidence:** The page clearly states the value delivered: accelerating cloud adoption through migration, modernization, cloud-native app development, AI-powered data services, managed cloud operations, security, and sustainability. It links these services to outcomes such as improved customer experience, revenue growth, productivity, and operational efficiency. The ""Benefits of partnering"" section quantifies scale and expertise. <br> **Rationale:** The value proposition is comprehensive and relevant to C-suite priorities like growth, resilience, and innovation, though somewhat technical in presentation. <br> **Improvement Recommendation:** Simplify and sharpen the value proposition with a brief executive summary that directly connects services to business outcomes (e.g., ""Drive 20% faster time-to-market while reducing cloud costs by 15%"") to increase immediate impact for busy executives.",20,Service Offering / Solution Detail Page  ,PASS,2.0
cded0b85,trust_credibility_signals,Trust & Credibility Signals,7.0,"**Evidence:** The page includes strong trust signals such as the long Microsoft partnership, number of certified professionals, Microsoft specializations, and MSP status. It references client success stories (Curium, CZ Zorgverzekeringen, Norwegian municipality) and includes links to blogs and whitepapers. However, these case studies are only briefly mentioned and not deeply showcased on this page. There are no client logos, testimonials, or awards visible here. <br> **Rationale:** Trust signals are present but could be more prominently displayed and localized to Benelux to enhance credibility for regional executives. <br> **Improvement Recommendation:** Incorporate visible client logos from Benelux enterprises, executive testimonials, and quantified success metrics on this page to strengthen trust and relevance.",10,Service Offering / Solution Detail Page  ,WARN,1.5
cded0b85,calltoaction_effectiveness,Call-to-Action Effectiveness,6.0,"**Evidence:** The page includes a ""LET'S TALK"" prompt and a contact form requesting detailed information (name, company, country, subject). However, the CTA is somewhat generic and buried within dense content. There is no immediate, compelling invitation tailored specifically to C-suite executives, such as a downloadable executive brief, invitation to a strategy workshop, or direct contact with a senior advisor. <br> **Rationale:** For a strategic business leader, CTAs need to be highly relevant, low friction, and clearly linked to business impact. The current CTA may not sufficiently motivate engagement. <br> **Improvement Recommendation:** Add a prominent, persona-targeted CTA near the top and bottom of the page, such as ""Schedule a C-Suite Strategy Session"" or ""Download the Executive Brief on Cloud Transformation ROI,"" to increase conversion likelihood.",10,Service Offering / Solution Detail Page  ,WARN,2.0
624753c4,corporate_positioning_alignment,Corporate Positioning Alignment,8.0,"**Evidence:** The page opens with a clear statement: ""The financial services sector is evolving swiftly as regulatory requirements continually adapt..."" and emphasizes Sopra Steria’s role in supporting banks ""along the entire value chain, from strategy to operations."" The mention of ""deep industry knowledge and banking solutions that are transforming the industry"" aligns well with a corporate positioning focused on innovation, resilience, and comprehensive digital transformation. The content also references sustainability, trust, and compliance, which are core brand pillars for a tech consultancy targeting enterprise clients. <br> **Rationale:** This resonates well with a C-suite executive focused on long-term viability, operational excellence, and navigating external volatility. The messaging is consistent with Sopra Steria’s broader brand as a trusted European tech player with deep sector expertise. However, the positioning could be more explicitly tied to the Benelux region’s specific market dynamics to increase relevance. <br> **Improvement Recommendation:** Add explicit references to Benelux market leadership, regional client success, or tailored solutions for Benelux enterprises to deepen local resonance and reinforce corporate positioning in this key geography.",25,Industry Solutions / Corporate Website - Financial Services Sector Page  ,PASS,2.5
624753c4,brand_differentiation,Brand Differentiation,6.0,"**Evidence:** The page highlights capabilities such as risk management, regulatory compliance, data protection, and digital transformation. It also mentions ""deep industry knowledge"" and ""banking solutions that are transforming the industry."" However, these claims are relatively generic and common among competitors in the financial services consulting and technology space. The page lacks distinctive proof points or unique value drivers that clearly separate Sopra Steria from other large consultancies or tech service providers. <br> **Rationale:** For a C-suite executive evaluating strategic partners, differentiation is critical. The current content reads as competent but does not strongly articulate what makes Sopra Steria uniquely positioned to solve the complex challenges faced by Benelux enterprises in financial services. <br> **Improvement Recommendation:** Incorporate unique differentiators such as proprietary technology, exclusive partnerships, innovation labs, or specific success metrics from Benelux clients. Highlighting awards, certifications, or unique consulting methodologies could also enhance differentiation.",20,Industry Solutions / Corporate Website - Financial Services Sector Page  ,WARN,4.0
624753c4,value_proposition_clarity,Value Proposition Clarity,7.0,"**Evidence:** The page clearly states key offerings: risk management, regulatory compliance, data protection, and end-to-end support from strategy to operations. It also references helping clients ""enhance the customer experience, optimise performance, deliver competitive differentiation, and identify new revenue streams."" The inclusion of sector-specific subpages (Banking, Insurance, Social Security, Health Insurance) adds clarity on vertical expertise. <br> **Rationale:** While the value proposition is present and relevant, it is somewhat broad and lacks a compelling, concise statement that immediately communicates the unique benefits for a C-suite executive balancing growth and resilience. The messaging could be more outcome-focused with quantifiable benefits or ROI indicators. <br> **Improvement Recommendation:** Refine the value proposition to emphasize measurable business outcomes (e.g., ""Enable 20% faster digital transformation while reducing compliance risk by 30%"") and tailor messaging to the strategic priorities of Benelux C-suite leaders, such as navigating regulatory complexity and driving sustainable growth.",20,Industry Solutions / Corporate Website - Financial Services Sector Page  ,WARN,3.0
624753c4,trust_credibility_signals,Trust & Credibility Signals,6.0,"**Evidence:** The page mentions ""Sopra Steria, a major Tech player in Europe with 50,000 employees in nearly 30 countries,"" which is a strong credibility indicator. There are references to client stories (e.g., CZ Zorgverzekeringen case study), whitepapers, and insights such as blogs and reports. However, these are not prominently showcased or linked with strong visual cues or testimonials on the main page. There is no explicit mention of certifications, industry awards, or client logos that would immediately reassure a senior executive. <br> **Rationale:** Trust signals are essential for C-suite executives making high-stakes decisions. While the page includes some trust elements, they are not sufficiently front and center or localized to Benelux to maximize impact. <br> **Improvement Recommendation:** Add visible client logos from Benelux financial institutions, executive testimonials, industry awards, and certifications (e.g., ISO, GDPR compliance badges). Highlight recent successful projects or partnerships in the Benelux region to build localized trust.",10,Industry Solutions / Corporate Website - Financial Services Sector Page  ,WARN,2.0
624753c4,calltoaction_effectiveness,Call-to-Action Effectiveness,6.0,"**Evidence:** The page includes multiple ""LET'S TALK"" CTAs and links to whitepapers and sector-specific learn more pages. There is also a contact form at the bottom with fields relevant to the persona (e.g., company name, country/region). However, the CTAs are somewhat generic and do not clearly guide the C-suite visitor toward tailored next steps such as booking a strategic consultation, downloading an executive briefing, or accessing a Benelux-specific market insight report. <br> **Rationale:** For a busy C-suite executive, CTAs need to be highly relevant, easy to act on, and clearly communicate the value of engagement. The current CTAs lack personalization and urgency. <br> **Improvement Recommendation:** Introduce CTAs that speak directly to strategic business leaders, such as ""Schedule a Benelux Market Strategy Session,"" ""Download the Benelux Financial Services Executive Report,"" or ""Request a Customized Risk Assessment."" Use contrasting buttons and place CTAs higher on the page for better visibility.",10,Industry Solutions / Corporate Website - Financial Services Sector Page  ,WARN,2.0
2aa6d30b,corporate_positioning_alignment,Corporate Positioning Alignment,8.0,"The page strongly reflects Sopra Steria’s core brand message of leveraging digital technology for sustainable, human-centered progress. The CEO’s quote and the mission statement (“Leverage digital technology to build a positive future for all”) clearly communicate the company’s strategic positioning around sustainability and innovation. This aligns well with the persona’s focus on long-term viability and responsible growth.",25,Corporate Website – Corporate Responsibility / ESG Section  ,PASS,2.5
2aa6d30b,brand_differentiation,Brand Differentiation,6.0,"While the page highlights commitments to sustainability, social inclusion, and ethics, the content remains fairly generic and similar to many competitors in the IT consulting and digital services space. There is mention of a 10-year environmental program and an advisory board with notable experts, but these differentiators are not emphasized or clearly tied to unique outcomes or competitive advantages for the Benelux market or enterprise clients.",20,Corporate Website – Corporate Responsibility / ESG Section  ,WARN,4.0
2aa6d30b,value_proposition_clarity,Value Proposition Clarity,7.0,"The value proposition around “sustainable, people-centric, and guiding” corporate responsibility is articulated but somewhat abstract. The page does not clearly link these commitments to specific business outcomes or benefits for large enterprises in the Benelux region, such as risk mitigation, operational resilience, or market leadership. The persona would benefit from clearer articulation of how Sopra Steria’s responsibility efforts translate into tangible value for their organizations.",20,Corporate Website – Corporate Responsibility / ESG Section  ,WARN,3.0
2aa6d30b,trust_credibility_signals,Trust & Credibility Signals,7.0,"The presence of a Corporate Responsibility Advisory Board with external experts and references to long-term programs lends credibility. The CEO’s personal endorsement adds leadership weight. However, there is a lack of concrete metrics, certifications, awards, or case studies that would provide stronger proof points to reassure a strategic executive audience about impact and accountability.",10,Corporate Website – Corporate Responsibility / ESG Section  ,WARN,1.5
2aa6d30b,calltoaction_effectiveness,Call-to-Action Effectiveness,5.0,"The page lacks clear, persona-relevant next steps or calls to action. There are “Discover more” links to environmental, social, community, and ethics commitments, but no direct invitation to engage with Sopra Steria’s leadership, request tailored ESG solutions, or download relevant reports. For a C-suite executive, clear pathways to deepen engagement or explore business impact would enhance effectiveness.",10,Corporate Website – Corporate Responsibility / ESG Section  ,CONCERN,2.5
